{
	"par_names": ["a1", "a2", "b1", "b2", "b3", "b4", "a_s", "rho"],
	"initial_parameters": [0.11986832441123918, 1.1660221228353649, 0.44233049876624964, 0.8627662804403674, 4.63711534711051, 0.588952821602961],
	"par_limits": [[0, 0, 6], [1, -50, 250], [2, 0, 50], [3, 0.1, 50], [4, 0, 100], [5, 0.078, 100]],
	"par_fixed": [],
	"cov_size": 6
}