{
	"zero": 1e-5,
	"initial_parameters": [0.11986832441123918, 0.0, 1.1660221228353649, 0.44233049876624964, 0.8627662804403674, 0.0, 4.63711534711051, 0.0, 0.588952821602961, 0.0],
	"par_limits": [[0, 0, 6], [2, -50, 250], [3, 0, 50], [4, 0.1, 50], [6, 0, 100], [8, 0.078, 100]],
	"par_fixed": [[1, 0], [5, 0], [7, 0], [9, 0]],
	"step_nstep": [10.0, 30],
	"cov_size": 6,
	"legend": [0.3, 0.7, 0.7, 0.8],
	"t_range": [0, 10],
	"b_range": [0, 3]


}