{
	"par_names": ["a1", "a2", "a5", "b1", "b2", "b3", "b4", "b5", "a_s", "rho"],
	"initial_parameters": 
	{
		"14 old minimum": [-0.20940E+02, 0.11964E+03, 0.48495E+01, 0.27686E+01, 0.13772E+02, 0.76121E+01, 0.27131E+02, 0.19850E+01, 0.11200E+03, 0.99000E-01],
		"14":             [-0.19986E+02, 0.11320E+03, 0.20646E+01, 0.26491E+01, 0.14115E+02, 0.77548E+01, 0.70246E+01, 0.16857E+01, 0.11205E+03, 0.93496E-01]
	},
	"par_fixed_": [0, 1, 2 ,3 ,4 ,5 ,6 ,7 ,8, 9],
	"par_limits": [],
	"par_limits_": [[8, 107.6, 113.6], [9, 0.099, 0.101]],
	"par_fixed": []
}