{
	"par_names": ["a1", "a2", "a6", "b1", "b2", "b3", "b4", "b6", "a_s", "rho"],
	"initial_parameters": 
	{
		"14": [-0.17289E+02, 0.11527E+03, -0.13126E+02, 0.26300E+01, 0.14126E+02, 0.77248E+01, 0.58833E+01, 0.57191E+00, 0.11205E+03, 0.99000E-01]
	
	},
	"par_limits": [],
	"par_limits_": [[8, 107.6, 113.6], [9, 0.099, 0.101]],
	"par_fixed": [0, 1, 2 ,3, 4, 5 ,6 ,7, 8, 9],
	"_par_fixed": []
}