{
	"par_names": ["a1", "a2", "b1", "b2", "b3", "b4", "a_s", "rho"],
	"initial_parameters": 
	{
		"14": [0.33516E+00, 0.17917E+02, 0.95495E-01, 0.51696E-01, 0.50411E+01, 0.94151E+00, 0.11199E+03, 0.99000E-01]
	},
	"par_fixed_": [0, 1, 2 ,3, 4, 5 ,6 ,7],
	"par_limits": [],
	"par_limits_": [[8, 107.6, 113.6], [7, 0.099, 0.101]],
	"par_fixed": []
}