{
	"par_names": ["a1", "a2", "b1", "b2", "b3", "b4", "a_s", "rho"],
	"initial_parameters": 
	{
		"10": [0.36646E+00, 0.18203E+02, 0.90869E-01, 0.51413E-01, 0.50670E+01, 0.10031E+01],
		"11": [0.6711016387362354, 1.5657521915748234, 0.5894436410784076, 1.3462592981122663, 5.049784118744871, 1.2897339531699],
		"13": [0.36646E+00, 0.18203E+02, 0.90869E-01, 0.51413E-01, 0.50670E+01, 0.10031E+01]
	
	},
	"par_limits": [],
	"par_fixed": []
}