{
	"par_names": ["a1", "a2", "b1", "b2", "b3", "b4", "a_s", "rho"],
	"initial_parameters": [-6.848019377118357, 120.70379458396917, -2.3306012902035333, -10.009938933632661, -5.003408248442087, -6.363352865896336],
	"par_limits": [],
	"par_fixed": [],
	"cov_size": 6
}