{
	"par_names": ["a1", "a2", "b1", "b2", "b3", "b4", "a_s", "rho"],
	"initial_parameters": 
	{
		"10": [-6.848019377118357, 120.70379458396917, -2.3306012902035333, -10.009938933632661, -5.003408248442087, -6.363352865896336],
		"11": [-0.8265262E+01, 0.7639572E+02, -0.2448622E+01, -0.1200000E+02, -0.7683229E+01, -0.5696290E+01],
		"13": [-0.87693E+01, 0.45252E+02, -0.24842E+01, -0.14336E+02, -0.81178E+01, -0.59274E+01]
	},
	"par_limits": [],
	"par_fixed": []
}