{
	"par_names": ["a1", "a2", "a5", "b1", "b2", "b3", "b4", "b5", "a_s", "rho"],
	"initial_parameters": 
	{
		"10": [-10.191315958388616, 61.80012810464885, 2.1399790813593165, -2.717205491189975, -13.194916304509954, -7.588994865774502, -11.420521674608365, -1.9396309074405202],
		"11": [-10.191315958388616, 61.80012810464885, 2.1399790813593165, -2.717205491189975, -13.194916304509954, -7.588994865774502, -11.420521674608365, -1.9396309074405202]
	},
	"par_limits": [],
	"par_fixed": []
}