{
	"par_names": ["a1", "a2", "b1", "b2", "b3", "b4", "a_s", "rho"],
	"initial_parameters": [-0.8265262E+01, 0.7639572E+02, -0.2448622E+01, -0.1200000E+02, -0.7683229E+01, -0.5696290E+01],
	"par_limits": [],
	"par_fixed": [[0, -0.8265262E+010], [1, 0.7639572E+02], [2, -0.2448622E+01], [3, -0.1200000E+02], [4, -0.7683229E+01], [5, -0.5696290E+01]],
	"cov_size": 6
}