{
	"par_names": ["a1", "a2", "a5", "b1", "b2", "b3", "b4", "b5", "a_s", "rho"],
	"initial_parameters": 
	{
		"0": [-0.500997, 32.5697, 121.283, 0.989032, 9.22993, 4.44144, 1.66652, 1.64802],
		"2": [7.70433, 0.154975, 142.201, 411.803, 4.39383, 5.52598, 1.48984, 1.50523],
		"4": [-0.322959, 10.8366, 11.641, 0.804299, 18.4194, 5.4356, 1.51527, 2.64607],
		"10": [-118.486, 128.946, 37.0523, 3.03463, 3.34468, 10.0569, 1.82487, 1.95144]
	},
	"par_limits": [],
	"par_fixed": []
}