{
	"par_names": ["a1", "a2", "a5", "b1", "b2", "b3", "b4", "b5", "a_s", "rho"],
	"initial_parameters": 
	{
		"0": [-0.58412E+00, 0.43119E+02, 0.10155E+01, 0.80054E+01, 0.42026E+01, 0.15368E+01, 0.22025E+03, 0.15434E+01, 0.38881E+02, 0.25000E-01],
		"2": [70.95517246237534, 38.60652521627059, -0.8710042123602292, 6.678679609994665, 3.9350105972188074, 0.9482583006763192, 10.101336083581863, 2.8031883807246256
			 ,0.39988E+02, 0.19674E-01],
		"4": [90.29062315648933, 19.396476840244254, -3.678723662548999, 6.3853452444747, 3.662487578706369, 0.95265603030705, 93108.40302306379, 3.2020062237468743
		     ,0.42465E+02, 0.76210E-01],
		"10": [242.42038071789963, 179.89892991204084, -1.856084353027153, 10.197794371259667, 3.603776177089961, 3.316278624840694, 5.29869569163024, 1.4989006139005765
			  ,0.99383E+02,  0.12036E+00]
	},
	"par_limits": [],
	"par_fixed": []
}