{
	"par_names": ["a1", "a2", "b1", "b2", "b3", "b4", "a_s", "rho"],
	"initial_parameters": 
	{
		"0": [0.9949485872217457, 45.51548555168926, 4.041966890771372, 0.014465582582443183, 7.68580922286513, -0.255740787960881],
		"2": [0.9949485872217457, 45.51548555168926, 4.041966890771372, 0.014465582582443183, 7.68580922286513, -0.255740787960881],
		"4": [0.9949485872217457, 45.51548555168926, 4.041966890771372, 0.014465582582443183, 7.68580922286513, -0.255740787960881],
		"10": [0.9949485872217457, 45.51548555168926, 4.041966890771372, 0.014465582582443183, 7.68580922286513, -0.255740787960881],
		"14": [0.33516E+00, 0.17917E+02, 0.95495E-01, 0.51696E-01, 0.50411E+01, 0.94151E+00, 0.11199E+03, 0.99000E-01]
	},
	"par_limits": [],
	"par_fixed": []
}