{
	"par_names": ["a1", "a2", "a6", "b1", "b2", "b3", "b4", "b6", "a_s", "rho"],
	"initial_parameters": 
	{
		"0": [-0.91228E+03, 0.93710E+03, -0.38151E+02, 0.28763E+01, 0.28813E+01, 0.69352E+01, 0.38164E+01, 0.64054E+00, 0.42434E+02, 0.76718E-01],
		"2": [0.10916E+03, 0.42671E+02, -0.69994E+02, 0.54406E+01, 0.11545E+02, 0.28899E+01, 0.10612E+01, 0.53557E+00, 0.40018E+02, -0.74345E-03],
		"4": [-0.91228E+03, 0.93710E+03, -0.38151E+02, 0.28763E+01, 0.28813E+01, 0.69352E+01, 0.38164E+01, 0.64054E+00, 0.42434E+02, 0.76718E-01],
		"10": [236.4405562763316, 29.85242555702169, 2.4111752743799517, 10.120885977844514, 5.3095475637303515, 2.3219082009029584, 6.269582660938013, 0.039191922795250925
			,0.99409E+02, 0.13253E+00]
	},
	"par_limits": [],
	"par_fixed": []
}