{
	"par_names": ["a1", "a2", "a5", "b1", "b2", "b3", "b4", "b5", "a_s", "rho"],
	"initial_parameters": 
	{
		"0": [-0.58412E+00, 0.43119E+02, 0.10155E+01, 0.80054E+01, 0.42026E+01, 0.15368E+01, 0.22025E+03, 0.15434E+01, 0.38881E+02, 0.25000E-01],
		"2": [-0.91228E+03, 0.93710E+03, -0.38151E+02, 0.28763E+01, 0.28813E+01, 0.69352E+01, 0.38164E+01, 0.64054E+00, 0.42434E+02, 0.76718E-01],
		"4": [-0.33574E+00, 0.62494E+01, 0.81602E+00, 0.40000E+02, 0.54307E+01, 0.15209E+01, 0.10753E+02, 0.25522E+01, 0.42465E+02, 0.76210E-01],
		"10": [-0.29999E+02, 0.50003E+02, 0.29395E+01, 0.46940E+01, 0.10276E+02, 0.17670E+01, 0.34192E+02, 0.49583E+01, 0.99383E+02, 0.12036E+00]
	,
	"par_limits": [],
	"par_fixed": []
}