{
	"par_names": ["a1", "a2", "a6", "b1", "b2", "b3", "b4", "b6", "a_s", "rho"],
	"initial_parameters": 
	{
		"0": [141.141, 61.7834, -132.766, 6.01657, 14.5619, 3.03784, 2.76694, 0.439736, 39.3808, -0.0234202],
		"2": [112.776, 83.3209, -112.143, 5.11302, 10.8936, 2.76549, 0.974095, 0.468854, 39.5209, -0.00058557],
		"4": [-911.402, 938.005, -49.5186, 2.89728, 2.90249, 7.09358, 3.80611, 0.591991, 42.4266, 0.078728],
		"10": [-12.5982, 234.002, 26.2359, 2.29839, 10.173, 5.33011, 2.81726, 0.00801081, 109.66, 0.0235569]
	},
	"par_limits": [],
	"par_fixed": []
}