{
	"par_names": ["a1", "a2", "a6", "b1", "b2", "b3", "b4", "b6", "a_s", "rho"],
	"initial_parameters": 
	{
		"0": [141.141, 61.7834, -132.766, 6.01657, 14.5619, 3.03784, 2.76694, 0.439736],
		"2": [110.591, 80.9701, -108.739, 5.26947, 21.0978, 2.83822, 3.73824, 0.472485],
		"4": [-911.402, 938.005, -49.5186, 2.89728, 2.90249, 7.09358, 3.80611, 0.591991],
		"10": [-12.5982, 234.002, 26.2359, 2.29839, 10.173, 5.33011, 2.81726, 0.00801081]
	},
	"par_limits": [],
	"par_fixed": []
}