{
	"par_names": ["a1", "a2", "b1", "b2", "b3", "b4", "a_s", "rho"],
	"initial_parameters": 
	{
		"0": [0.59990E+00, 0.73740E+00, 0.13995E+00, 0.75296E-01, 0.21179E+01, 0.13547E+02, 0.38782E+02, 0.25000E-01],
		"2": [0.49641E+00, 0.53503E+00, 0.14984E+00, 0.80847E-01, 0.18439E+01, 0.31329E+01, 0.39830E+02, 0.19570E-01],
		"4": [0.73606E+00, 0.59903E+00, 0.13197E+00, 0.70830E-01, 0.18783E+01, 0.10668E+00, 0.42457E+02, 0.72129E-01],
		"10": [0.86245E+00, 0.22680E+02, 0.72957E-01, 0.31446E-01, 0.53287E+01, 0.15248E+01, 0.99374E+02, 0.82483E-01]
	},
	"par_limits": [],
	"par_fixed": []
}