{
	"par_names": ["a1", "a2", "b1", "b2", "b3", "b4", "a_s", "rho"],
	"initial_parameters": 
	{
		"0": [0.498623, 0.547169, 0.151887, 0.0802088, 1.9115, 8.25274],
		"2": [0.461611, 0.535689, 0.155161, 0.0818086, 1.84855, 8.24088],
		"4": [0.723808, 0.566896, 0.131288, 0.0721985, 1.84301, 0.000122621],
		"10": [0.964629, 146.101, 0.384535, 0.0123588, 14.1915, 0.520763374]
	},
	"par_limits": [],
	"par_fixed": []
}