{
	"par_names": ["a1", "a2", "a5", "b1", "b2", "b3", "b4", "b5", "a_s", "rho"],
	"initial_parameters": 
	{
		"0": [-0.20940E+02, 0.11964E+03, 0.48495E+01, 0.27686E+01, 0.13772E+02, 0.76121E+01, 0.27131E+02, 0.19850E+01],
		"2": [-0.20940E+02, 0.11964E+03, 0.48495E+01, 0.27686E+01, 0.13772E+02, 0.76121E+01, 0.27131E+02, 0.19850E+01],
		"4": [-0.20940E+02, 0.11964E+03, 0.48495E+01, 0.27686E+01, 0.13772E+02, 0.76121E+01, 0.27131E+02, 0.19850E+01],
		"10": [-0.20940E+02, 0.11964E+03, 0.48495E+01, 0.27686E+01, 0.13772E+02, 0.76121E+01, 0.27131E+02, 0.19850E+01],
		"14": [-0.20940E+02, 0.11964E+03, 0.48495E+01, 0.27686E+01, 0.13772E+02, 0.76121E+01, 0.27131E+02, 0.19850E+01, 0.11200E+03, 0.99000E-01]
	},
	"par_limits": [],
	"par_fixed": []
}