{
	"par_names": ["a1", "a2", "b1", "b2", "b3", "b4", "a_s", "rho"],
	"initial_parameters": 
	{
		"0": [0.498623, 0.547169, 0.151887, 0.0802088, 1.9115, 8.25274, 38.94, -0.0422592],
		"2": [0.461611, 0.535689, 0.155161, 0.0818086, 1.84855, 8.24088, 39.8148, 0.0135081],
		"4":  [0.723808, 0.566896, 0.131288, 0.0721985, 1.84301, 0.000122621, 42.3652, 0.072148],
		"10": [0.378911, 388.435, 0.0312693, 0.010616, 6.63454, 1.13052, 99.5671, 0.0104206]
	},
	"par_limits": [],
	"par_fixed": []
}